{
  "tokenA": 508.35153965153165,
  "tokenB": 99.85770750988138
}